username,display_name,added_at,last_fetched_at,is_active
jukan05,Jukan / @jukan05,2026-05-15 05:49:17,2026-05-19 08:20:57,1
linqingv,Macro_Lin ｜ 市场观察员 / @LinQingV,2026-05-15 06:00:56,2026-05-19 08:20:58,1
mingchikuo,郭明錤｜Ming-Chi Kuo / @mingchikuo,2026-05-15 06:07:05,2026-05-19 08:20:59,1
sssjeffpu,Jeff Pu / @sssjeffpu,2026-05-15 06:07:28,2026-05-19 08:21:00,1
zephyr_z9,Zephyr / @zephyr_z9,2026-05-15 06:09:48,2026-05-19 08:21:02,1
citrini,Citrini / @citrini,2026-05-15 07:04:22,2026-05-19 08:21:03,1
xiaomustock,川沐｜Trumoo🐮 / @xiaomustock,2026-05-19 08:42:14,2026-05-19 08:42:14,1
fi56622380,fin / @fi56622380,2026-05-19 08:44:34,2026-05-19 08:44:34,1
qinbafrank,qinbafrank / @qinbafrank,2026-05-19 08:48:48,2026-05-19 08:48:48,1
